Model,Accuracy,Precision,Recall,F1,FPR,"Inference
(ms/email)"
"TF-IDF
Multinomial NB",0.8631138975966562,1.0,0.5093632958801498,0.674937965260546,0.0,0.0013073834774542752
"TF-IDF
Logistic Regression",0.9414838035527692,1.0,0.7902621722846442,0.8828451882845189,0.0,0.0013714734573878713
"TF-IDF
LinearSVM",0.9905956112852664,0.9961538461538462,0.9700374531835206,0.98292220113852,0.0014492753623188,0.0003598924325302228
"TF-IDF Random
Forest",0.9832810867293624,0.9960474308300395,0.9438202247191012,0.9692307692307692,0.0014492753623188,0.027779345969935195
"SimHash kNN
(128-bit, k=1)",0.9122,0.8828,0.7903,0.834,0.0406,0.0504
TextCNN,0.9833,0.9846,0.9551,0.9696,0.0058,1.5106
BiLSTM,0.9666,0.9181,0.9663,0.9416,0.0333,1.1693
DistilBERT,0.9885,0.9923,0.9663,0.9791,0.0029,23.619999999999997
