Model,Accuracy,Precision,Recall,F1,FPR,"Inference
(ms/email)"
"TF-IDF
Multinomial NB",0.9630160893160248,0.9845866152887176,0.9316353887399464,0.9573793977463704,0.0117347599119893,0.0006055696992201679
"TF-IDF
Logistic Regression",0.976977694900667,0.975891944250121,0.9723860589812332,0.974135847232294,0.0193278398550412,0.00019800258256809738
"TF-IDF
LinearSVM",0.9845083554471776,0.9818522483940044,0.98343163538874,0.9826413072595768,0.0146253073903101,0.0002177217472515187
"TF-IDF Random
Forest",0.9774558320782232,0.9857354474131782,0.9633780160857908,0.9744285055725792,0.0112170499158721,0.03780744619983782
"SimHash kNN
(128-bit, k=9)",0.8615,0.8493,0.8379,0.8436,0.1196,1.2267
TextCNN,0.983074,0.976775,0.985469,0.981103,0.018853,0.321062
BiLSTM,0.979153,0.977903,0.975282,0.976591,0.017732,3.134667
DistilBERT,0.9896,0.9923,0.9842,0.9882,0.0062,7.637
