dataset,model,accuracy,precision,recall,f1,false_positive_rate,inference_time_total_sec,inference_time_per_email_sec,train_rows,test_rows,vocab_size
Kaggle,TF-IDF + MultinomialNB,0.8631138975966562,1.0,0.5093632958801498,0.674937965260546,0.0,0.0012511659879237413,1.3073834774542753e-06,1435,957,50000
Kaggle,TF-IDF + LogisticRegression,0.9414838035527691,1.0,0.7902621722846442,0.8828451882845189,0.0,0.001312500098720193,1.3714734573878713e-06,1435,957,50000
Kaggle,TF-IDF + LinearSVM,0.9905956112852664,0.9961538461538462,0.9700374531835206,0.9829222011385199,0.0014492753623188406,0.0003444170579314232,3.598924325302228e-07,1435,957,50000
Kaggle,TF-IDF + RandomForest,0.9832810867293625,0.9960474308300395,0.9438202247191011,0.9692307692307692,0.0014492753623188406,0.026584834093227983,2.7779345969935195e-05,1435,957,50000
