dataset,model,accuracy,precision,recall,f1,false_positive_rate,inference_time_total_sec,inference_time_per_email_sec,train_rows,test_rows,vocab_size
MeAJOR,TF-IDF + MultinomialNB,0.9630160893160248,0.9845866152887176,0.9316353887399463,0.9573793977463703,0.011734759911989301,0.03376454103272408,8.072041175434288e-07,62743,41829,50000
MeAJOR,TF-IDF + LogisticRegression,0.976977694900667,0.975891944250121,0.9723860589812332,0.974135847232294,0.0193278398550412,0.009462540969252586,2.2621963157743637e-07,62743,41829,50000
MeAJOR,TF-IDF + LinearSVM,0.9845083554471777,0.9818522483940043,0.9834316353887399,0.9826413072595768,0.014625307390310194,0.012531917076557875,2.99598773017712e-07,62743,41829,50000
